LS;Titel;Karten;Datei
1.1;Berufsrolle begründen;12;SozPaed_LS1_1_Flashcards_SCORM.zip
1.2;Erziehungsbedingungen beurteilen;12;SozPaed_LS1_2_Flashcards_SCORM.zip
1.3;Beziehungen gestalten;12;SozPaed_LS1_3_Flashcards_SCORM.zip
1.4;Regeln begründen;12;SozPaed_LS1_4_Flashcards_SCORM.zip
1.5;Bildungsprozesse gestalten;12;SozPaed_LS1_5_Flashcards_SCORM.zip
1.6;Praxiskompetenz reflektieren;12;SozPaed_LS1_6_Flashcards_SCORM.zip
2.1;Beobachtungen dokumentieren;12;SozPaed_LS2_1_Flashcards_SCORM.zip
2.2;Entwicklung einordnen;12;SozPaed_LS2_2_Flashcards_SCORM.zip
2.3;Bildungsangebote planen;12;SozPaed_LS2_3_Flashcards_SCORM.zip
2.4;Übergänge begleiten;12;SozPaed_LS2_4_Flashcards_SCORM.zip
2.5;Praxis auswerten;12;SozPaed_LS2_5_Flashcards_SCORM.zip
3.1;Sozialisation analysieren;12;SozPaed_LS3_1_Flashcards_SCORM.zip
3.2;Lebenswelten analysieren;12;SozPaed_LS3_2_Flashcards_SCORM.zip
4.1;Erklärungsmodelle vergleichen;12;SozPaed_LS4_1_Flashcards_SCORM.zip
4.2;Unterstützungsmaßnahmen entwickeln;12;SozPaed_LS4_2_Flashcards_SCORM.zip
4.3;Fallperspektiven koordinieren;12;SozPaed_LS4_3_Flashcards_SCORM.zip
4.4;Schutzfaktoren fördern;12;SozPaed_LS4_4_Flashcards_SCORM.zip
4.5;Hilfesysteme erschließen;12;SozPaed_LS4_5_Flashcards_SCORM.zip
5.1;Jugendhilfe strukturieren;12;SozPaed_LS5_1_Flashcards_SCORM.zip
5.2;Beteiligung planen;12;SozPaed_LS5_2_Flashcards_SCORM.zip
5.3;Teilhabe gestalten;12;SozPaed_LS5_3_Flashcards_SCORM.zip
6.1;Lebenslagen analysieren;12;SozPaed_LS6_1_Flashcards_SCORM.zip
6.2;Barrieren abbauen;12;SozPaed_LS6_2_Flashcards_SCORM.zip
6.3;Vorurteile reflektieren;12;SozPaed_LS6_3_Flashcards_SCORM.zip
6.4;Chancengerechtigkeit fördern;12;SozPaed_LS6_4_Flashcards_SCORM.zip
6.5;Teilhabe konzipieren;12;SozPaed_LS6_5_Flashcards_SCORM.zip
7.1;Berufsidentität reflektieren;12;SozPaed_LS7_1_Flashcards_SCORM.zip
7.2;Teamkommunikation gestalten;12;SozPaed_LS7_2_Flashcards_SCORM.zip
7.3;Berufswege planen;12;SozPaed_LS7_3_Flashcards_SCORM.zip
7.4;Kompetenzen bilanzieren;12;SozPaed_LS7_4_Flashcards_SCORM.zip
