LS;Titel;Karten;Manifest;Syntax;Browser;Training_12_Karten;SCORM_Simulation;Tablet_Smartphone;Lehrkraft_und_HTML_Export;Druck
1.1;Berufsrolle begründen;12;OK;OK;OK;OK;OK;OK;OK;12 Kartenpaare
1.2;Erziehungsbedingungen beurteilen;12;OK;OK;OK;OK;OK;OK;OK;12 Kartenpaare
1.3;Beziehungen gestalten;12;OK;OK;OK;OK;OK;OK;OK;12 Kartenpaare
1.4;Regeln begründen;12;OK;OK;OK;OK;OK;OK;OK;12 Kartenpaare
1.5;Bildungsprozesse gestalten;12;OK;OK;OK;OK;OK;OK;OK;12 Kartenpaare
1.6;Praxiskompetenz reflektieren;12;OK;OK;OK;OK;OK;OK;OK;12 Kartenpaare
2.1;Beobachtungen dokumentieren;12;OK;OK;OK;OK;OK;OK;OK;12 Kartenpaare
2.2;Entwicklung einordnen;12;OK;OK;OK;OK;OK;OK;OK;12 Kartenpaare
2.3;Bildungsangebote planen;12;OK;OK;OK;OK;OK;OK;OK;12 Kartenpaare
2.4;Übergänge begleiten;12;OK;OK;OK;OK;OK;OK;OK;12 Kartenpaare
2.5;Praxis auswerten;12;OK;OK;OK;OK;OK;OK;OK;12 Kartenpaare
3.1;Sozialisation analysieren;12;OK;OK;OK;OK;OK;OK;OK;12 Kartenpaare
3.2;Lebenswelten analysieren;12;OK;OK;OK;OK;OK;OK;OK;12 Kartenpaare
4.1;Erklärungsmodelle vergleichen;12;OK;OK;OK;OK;OK;OK;OK;12 Kartenpaare
4.2;Unterstützungsmaßnahmen entwickeln;12;OK;OK;OK;OK;OK;OK;OK;12 Kartenpaare
4.3;Fallperspektiven koordinieren;12;OK;OK;OK;OK;OK;OK;OK;12 Kartenpaare
4.4;Schutzfaktoren fördern;12;OK;OK;OK;OK;OK;OK;OK;12 Kartenpaare
4.5;Hilfesysteme erschließen;12;OK;OK;OK;OK;OK;OK;OK;12 Kartenpaare
5.1;Jugendhilfe strukturieren;12;OK;OK;OK;OK;OK;OK;OK;12 Kartenpaare
5.2;Beteiligung planen;12;OK;OK;OK;OK;OK;OK;OK;12 Kartenpaare
5.3;Teilhabe gestalten;12;OK;OK;OK;OK;OK;OK;OK;12 Kartenpaare
6.1;Lebenslagen analysieren;12;OK;OK;OK;OK;OK;OK;OK;12 Kartenpaare
6.2;Barrieren abbauen;12;OK;OK;OK;OK;OK;OK;OK;12 Kartenpaare
6.3;Vorurteile reflektieren;12;OK;OK;OK;OK;OK;OK;OK;12 Kartenpaare
6.4;Chancengerechtigkeit fördern;12;OK;OK;OK;OK;OK;OK;OK;12 Kartenpaare
6.5;Teilhabe konzipieren;12;OK;OK;OK;OK;OK;OK;OK;12 Kartenpaare
7.1;Berufsidentität reflektieren;12;OK;OK;OK;OK;OK;OK;OK;12 Kartenpaare
7.2;Teamkommunikation gestalten;12;OK;OK;OK;OK;OK;OK;OK;12 Kartenpaare
7.3;Berufswege planen;12;OK;OK;OK;OK;OK;OK;OK;12 Kartenpaare
7.4;Kompetenzen bilanzieren;12;OK;OK;OK;OK;OK;OK;OK;12 Kartenpaare
